1,google.com
2,youtube.com
3,facebook.com
4,baidu.com
5,wikipedia.org
6,yahoo.com
7,qq.com
8,taobao.com
9,tmall.com
10,google.co.in
11,amazon.com
12,twitter.com
13,instagram.com
14,vk.com
15,live.com
16,sohu.com
17,jd.com
18,yandex.ru
19,reddit.com
20,sina.com.cn
21,weibo.com
22,google.co.jp
23,blogspot.com
24,login.tmall.com
25,360.cn
26,linkedin.com
27,google.com.hk
28,google.com.br
29,netflix.com
30,csdn.net
31,pornhub.com
32,google.co.uk
33,office.com
34,mail.ru
35,yahoo.co.jp
36,google.ru
37,google.fr
38,pages.tmall.com
39,microsoftonline.com
40,google.de
41,twitch.tv
42,ebay.com
43,microsoft.com
44,bing.com
45,alipay.com
46,aliexpress.com
47,msn.com
48,t.co
49,naver.com
50,whatsapp.com
51,apple.com
52,xvideos.com
53,google.com.mx
54,wordpress.com
55,google.it
56,amazon.co.jp
57,imdb.com
58,google.ca
59,google.es
60,stackoverflow.com
61,livejasmin.com
62,paypal.com
63,google.com.tr
64,tumblr.com
65,google.com.tw
66,tribunnews.com
67,google.co.kr
68,xhamster.com
69,github.com
70,imgur.com
71,googleusercontent.com
72,wikia.com
73,cobalten.com
74,adobe.com
75,espn.com
76,pinterest.com
77,thestartmagazine.com
78,dropbox.com
79,xnxx.com
80,google.com.au
81,detail.tmall.com
82,fbcdn.net
83,google.co.id
84,xinhuanet.com
85,amazon.in
86,amazon.de
87,quora.com
88,bilibili.com
89,hao123.com
90,google.cn
91,bongacams.com
92,youth.cn
93,tianya.cn
94,booking.com
95,google.co.th
96,amazon.co.uk
97,pixnet.net
98,salesforce.com
99,exosrv.com
100,9amq5z4y1y.com
101,k618.cn
102,google.pl
103,aparat.com
104,google.com.ar
105,tokopedia.com
106,google.com.pk
107,txxx.com
108,bbc.com
109,google.com.sa
110,popads.net
111,google.com.eg
112,cnn.com
113,amazonaws.com
114,bbc.co.uk
115,detik.com
116,onlinesbi.com
117,1688.com
118,force.com
119,ebay.de
120,iqiyi.com
121,dkn.tv
122,craigslist.org
123,soundcloud.com
124,nih.gov
125,nytimes.com
126,stackexchange.com
127,zhihu.com
128,chase.com
129,google.com.ua
130,dailymotion.com
131,spotify.com
132,avito.ru
133,sogou.com
134,vimeo.com
135,panda.tv
136,rakuten.co.jp
137,alibaba.com
138,nicovideo.jp
139,ok.ru
140,bukalapak.com
141,mozilla.org
142,porn555.com
143,indeed.com
144,google.com.vn
145,brightvar.bid
146,gmw.cn
147,google.co.za
148,instructure.com
149,openload.co
150,roblox.com
151,slideshare.net
152,google.com.sg
153,ettoday.net
154,godaddy.com
155,globo.com
156,theguardian.com
157,chaturbate.com
158,w3schools.com
159,researchgate.net
160,google.az
161,uol.com.br
162,ebay.co.uk
163,google.co.ve
164,liputan6.com
165,wikihow.com
166,daum.net
167,upornia.com
168,cloudfront.net
169,diply.com
170,google.gr
171,scribd.com
172,flipkart.com
173,fc2.com
174,mediafire.com
175,cnblogs.com
176,china.com.cn
177,bet9ja.com
178,google.com.co
179,zhanqi.tv
180,cnet.com
181,digialm.com
182,etsy.com
183,mama.cn
184,google.com.ph
185,wetransfer.com
186,walmart.com
187,deviantart.com
188,aliyun.com
189,mercadolivre.com.br
190,google.nl
191,caijing.com.cn
192,artnewsupdate.info
193,ebc.net.tw
194,ladbible.com
195,washingtonpost.com
196,indiatimes.com
197,google.com.pe
198,weather.com
199,youporn.com
200,eastday.com
201,amazon.it
202,so.com
203,otvfoco.com.br
204,youm7.com
205,huanqiu.com
206,quizlet.com
207,blogger.com
208,sciencedirect.com
209,google.co.ao
210,savefrom.net
211,amazon.fr
212,discordapp.com
213,rambler.ru
214,ask.com
215,livejournal.com
216,outbrain.com
217,nownews.com
218,genius.com
219,zillow.com
220,yts.am
221,doubleclick.net
222,twimg.com
223,yelp.com
224,google.se
225,bankofamerica.com
226,canva.com
227,redtube.com
228,setn.com
229,soso.com
230,ebay-kleinanzeigen.de
231,shutterstock.com
232,dailymail.co.uk
233,onlinevideoconverter.com
234,google.com.ng
235,softonic.com
236,rednet.cn
237,ci123.com
238,vice.com
239,kompas.com
240,spankbang.com
241,freepik.com
242,digikala.com
243,wellsfargo.com
244,nfl.com
245,myshopify.com
246,varzesh3.com
247,youdao.com
248,hulu.com
249,chinadaily.com.cn
250,blackboard.com
251,google.be
252,163.com
253,trello.com
254,breitbart.com
255,telewebion.com
256,steamcommunity.com
257,thepiratebay.org
258,duckduckgo.com
259,foxnews.com
260,forbes.com
261,speedtest.net
262,messenger.com
263,patria.org.ve
264,slack.com
265,google.pt
266,amazon.es
267,google.ae
268,mega.nz
269,google.cl
270,tripadvisor.com
271,douban.com
272,ikea.com
273,reverso.net
274,google.ro
275,ltn.com.tw
276,hola.com
277,archive.org
278,businessinsider.com
279,medium.com
280,amazon.cn
281,google.dz
282,google.ch
283,exdynsrv.com
284,tvbs.com.tw
285,amazon.ca
286,bestbuy.com
287,mailchimp.com
288,hclips.com
289,allegro.pl
290,rt.com
291,google.at
292,list.tmall.com
293,steampowered.com
294,banvenez.com
295,1337x.to
296,yy.com
297,momoshop.com.tw
298,buzzfeed.com
299,viralvideos.technology
300,zendesk.com
301,office365.com
302,9gag.com
303,cricbuzz.com
304,udemy.com
305,1bcde.com
306,tistory.com
307,nextoptim.com
308,xfinity.com
309,weebly.com
310,orange.fr
311,myway.com
312,bles.com
313,albawabhnews.com
314,asos.com
315,line.me
316,wikimedia.org
317,newsprofin.com
318,gamepedia.com
319,usps.com
320,zoho.com
321,eskimi.com
322,hotstar.com
323,abs-cbn.com
324,kaskus.co.id
325,aol.com
326,okdiario.com
327,google.co.il
328,sex.com
329,gearbest.com
330,battle.net
331,kinopoisk.ru
332,hp.com
333,bp.blogspot.com
334,oath.com
335,wordreference.com
336,gfycat.com
337,jrj.com.cn
338,doublepimp.com
339,glassdoor.com
340,gamespot.com
341,telegram.org
342,siteadvisor.com
343,huffingtonpost.com
344,behance.net
345,icloud.com
346,sindonews.com
347,intuit.com
348,redd.it
349,googlevideo.com
350,17ok.com
351,google.cz
352,airbnb.com
353,pinimg.com
354,ups.com
355,thesaurus.com
356,oracle.com
357,docsconvert.club
358,americanexpress.com
359,baike.com
360,doublepimpssl.com
361,hdfcbank.com
362,mercadolibre.com.ar
363,duba.com
364,ouo.io
365,box.com
366,google.ie
367,google.no
368,userapi.com
369,nur.kz
370,capitalone.com
371,wowhead.com
372,onet.pl
373,billdesk.com
374,ameblo.jp
375,dmm.co.jp
376,fedex.com
377,speakol.com
378,sourceforge.net
379,livedoor.jp
380,zoom.us
381,jianshu.com
382,google.kz
383,rarbg.to
384,sberbank.ru
385,cdninstagram.com
386,kakaku.com
387,primevideo.com
388,bet365.com
389,samsung.com
390,flickr.com
391,bldaily.com
392,cambridge.org
393,uptodown.com
394,wordpress.org
395,leboncoin.fr
396,olx.ua
397,mi.com
398,merdeka.com
399,espncricinfo.com
400,wp.pl
401,goodreads.com
402,gismeteo.ru
403,taboola.com
404,lifedaily.com
405,files.wordpress.com
406,jf71qh5v14.com
407,okta.com
408,babytree.com
409,ndtv.com
410,kissanime.ru
411,haber7.com
412,irctc.co.in
413,ifeng.com
414,uidai.gov.in
415,wix.com
416,pixiv.net
417,accuweather.com
418,fiverr.com
419,51sole.com
420,skype.com
421,zippyshare.com
422,livedoor.com
423,huaban.com
424,ensonhaber.com
425,elsevier.com
426,myanimevideo.club
427,upwork.com
428,gmx.net
429,wiktionary.org
430,google.hu
431,healthline.com
432,namu.wiki
433,bloomberg.com
434,taleo.net
435,coinmarketcap.com
436,hotmovs.com
437,yao.tmall.com
438,usatoday.com
439,digitaldsp.com
440,free.fr
441,homedepot.com
442,elpais.com
443,sahibinden.com
444,evernote.com
445,mercadolibre.com.mx
446,manoramaonline.com
447,target.com
448,shaparak.ir
449,google.dk
450,oeeee.com
451,patreon.com
452,themeforest.net
453,pixabay.com
454,infourok.ru
455,ria.ru
456,gosuslugi.ru
457,ebay.it
458,google.fi
459,web.de
460,kumparan.com
461,wiley.com
462,olx.pl
463,wsj.com
464,crptentry.com
465,ouedkniss.com
466,exoclick.com
467,shopify.com
468,uzone.id
469,google.com.kw
470,subscene.com
471,dell.com
472,seznam.cz
473,scribol.com
474,divar.ir
475,oload.download
476,namnak.com
477,bitly.com
478,metropoles.com
479,cnbc.com
480,google.sk
481,rotumal.com
482,patch.com
483,104.com.tw
484,grammarly.com
485,springer.com
486,atlassian.net
487,op.gg
488,rutube.ru
489,rediff.com
490,libero.it
491,mit.edu
492,smallpdf.com
493,rottentomatoes.com
494,discogs.com
495,debate.com.mx
496,3c.tmall.com
497,citi.com
498,kooora.com
499,tutorialspoint.com
500,pikabu.ru
501,dailyfeed.co.uk
502,ign.com
503,dcinside.com
504,grid.id
505,inquirer.net
506,eventbrite.com
507,4chan.org
508,kapanlagi.com
509,icicibank.com
510,alicdn.com
511,lenta.ru
512,seasonvar.ru
513,popcash.net
514,investing.com
515,ssc.nic.in
516,theverge.com
517,goo.ne.jp
518,slots777.shop
519,adp.com
520,slickdeals.net
521,cqnews.net
522,stockstar.com
523,feedly.com
524,prezi.com
525,google.co.nz
526,znanija.com
527,wixsite.com
528,cbssports.com
529,zhaopin.com
530,vacaneedasap.com
531,idntimes.com
532,marca.com
533,google.lk
534,drom.ru
535,gome.com.cn
536,douyu.com
537,surveymonkey.com
538,chegg.com
539,people.com.cn
540,nike.com
541,youku.com
542,att.com
543,ebay.com.au
544,bancodevenezuela.com
545,appledaily.com
546,mmoframes.com
547,hurriyet.com.tr
548,beeg.com
549,merriam-webster.com
550,bleacherreport.com
551,hotnewhiphop.com
552,yandex.kz
553,naukri.com
554,vidio.com
555,webmd.com
556,egy.best
557,souq.com
558,thefreedictionary.com
559,gsmarena.com
560,iitm.ac.in
561,pornq.com
562,khanacademy.org
563,blog.jp
564,list-manage.com
565,tube8.com
566,bandcamp.com
567,urbandictionary.com
568,voot.com
569,prothomalo.com
570,ilovepdf.com
571,banggood.com
572,repubblica.it
573,padlet.com
574,naija.ng
575,126.com
576,sportbible.com
577,cnnindonesia.com
578,android.com
579,gmarket.co.kr
580,drudgereport.com
581,cinecalidad.to
582,squarespace.com
583,hdzog.com
584,humblebundle.com
585,sci-hub.tw
586,hespress.com
587,spiegel.de
588,playstation.com
589,myanimelist.net
590,wtoip.com
591,wish.com
592,pantip.com
593,docin.com
594,wattpad.com
595,nga.cn
596,ptt.cc
597,mawdoo3.com
598,giphy.com
599,geeksforgeeks.org
600,ibm.com
601,nyaa.si
602,drive2.ru
603,torrent9.ph
604,google.com.do
605,torrentz2.eu
606,tamilrockers.mu
607,convert2mp3.net
608,gstatic.com
609,okezone.com
610,namasha.com
611,6.cn
612,paytm.com
613,tradingview.com
614,crtmatix.com
615,pandora.com
616,fishki.net
617,xiami.com
618,browsergames2018.com
619,indoxx1.com
620,58.com
621,utorrent.com
622,academia.edu
623,pexels.com
624,banesconline.com
625,ultimate-guitar.com
626,ca.gov
627,vnexpress.net
628,t-online.de
629,cdstm.cn
630,expedia.com
631,ieee.org
632,gamer.com.tw
633,rbc.ru
634,flvto.biz
635,douyin.com
636,sabq.org
637,el-nacional.com
638,trustpilot.com
639,verizonwireless.com
640,hm.com
641,mercari.com
642,milliyet.com.tr
643,farfetch.com
644,thepiratebay3.org
645,rutracker.org
646,olx.com.br
647,go.com
648,gazetaexpress.com
649,yourporn.sexy
650,mercadolibre.com.ve
651,coursera.org
652,alodokter.com
653,kijiji.ca
654,autodesk.com
655,webex.com
656,fb.ru
657,premium-offers.space
658,coursehero.com
659,unsplash.com
660,google.rs
661,gizmodo.com
662,google.bg
663,e-hentai.org
664,nhk.or.jp
665,umblr.com
666,westernjournal.com
667,investopedia.com
668,freejobalert.com
669,huawei.com
670,sputniknews.com
671,reuters.com
672,udn.com
673,google.com.ly
674,cryptobrowser.site
675,spotscenered.info
676,dianping.com
677,biobiochile.cl
678,google.by
679,factaholics.com
680,indiamart.com
681,hh.ru
682,jiameng.com
683,hubspot.com
684,bestadbid.com
685,discover.com
686,uod2quk646.com
687,caixa.gov.br
688,asus.com
689,yadi.sk
690,agoda.com
691,gazeta.ru
692,turkiye.gov.tr
693,interia.pl
694,premierleague.com
695,bild.de
696,urdupoint.com
697,media.tumblr.com
698,givemesport.com
699,wunderground.com
700,moneycontrol.com
701,brilio.net
702,artstation.com
703,independent.co.uk
704,kinogo.by
705,droom.in
706,cisco.com
707,so3ody.com
708,nhentai.net
709,nbcsports.com
710,filehippo.com
711,discuss.com.hk
712,mheducation.com
713,chinaz.com
714,avgle.com
715,beytoote.com
716,fidelity.com
717,kizlarsoruyor.com
718,segmentfault.com
719,xda-developers.com
720,yandex.com.tr
721,jw.org
722,mathrubhumi.com
723,nexusmods.com
724,indianexpress.com
725,shein.com
726,asana.com
727,yournewtab.com
728,iherb.com
729,weblio.jp
730,animeyt.tv
731,harvard.edu
732,td.com
733,memurlar.net
734,animeflv.net
735,doctoconve.club
736,telegraph.co.uk
737,macys.com
738,hotels.com
739,bicentenariobu.com
740,google.tn
741,pchome.com.tw
742,techradar.com
743,yaplakal.com
744,kickstarter.com
745,motorsport.com
746,dictionary.com
747,elmundo.es
748,timeanddate.com
749,secureserver.net
750,hepsiburada.com
751,thepopple.com
752,uptobox.com
753,360doc.com
754,eyny.com
755,3dmgame.com
756,toolnewsupdate.info
757,rarbgprx.org
758,nianhuo.tmall.com
759,uniqlo.tmall.com
760,avast.com
761,nordstrom.com
762,www.gov.uk
763,toutiao.com
764,minuto30.com
765,as.com
766,techcrunch.com
767,mlb.com
768,food.tmall.com
769,tencent.com
770,getpocket.com
771,emol.com
772,express.co.uk
773,time.com
774,firefoxchina.cn
775,duniadigest.com
776,viva.co.id
777,gdz.ru
778,subito.it
779,rapidgator.net
780,npr.org
781,epicgames.com
782,gyazo.com
783,mobile.de
784,heavy.com
785,marriott.com
786,ninisite.com
787,storm.mg
788,subject.tmall.com
789,crunchyroll.com
790,groupon.com
791,kp.ru
792,naver.jp
793,arxiv.org
794,infusionsoft.com
795,mgid.com
796,vporn.com
797,oschina.net
798,zing.vn
799,5ch.net
800,xe.com
801,hamariweb.com
802,archiveofourown.org
803,nature.com
804,chouftv.ma
805,doorblog.jp
806,ecosia.org
807,europa.eu
808,ebay.fr
809,ozon.ru
810,eastmoney.com
811,japanpost.jp
812,bhphotovideo.com
813,tnt-online.ru
814,studfiles.net
815,kayak.com
816,epochtimes.com
817,americanas.com.br
818,ecollege.com
819,ticketmaster.com
820,concursolutions.com
821,mileroticos.com
822,engadget.com
823,myanmarload.com
824,vesti.ru
825,wayfair.com
826,meetup.com
827,nvzhuang.tmall.com
828,lifewire.com
829,theatlantic.com
830,hatenablog.com
831,echo.msk.ru
832,newegg.com
833,justdial.com
834,4pda.ru
835,stanford.edu
836,southwest.com
837,lemonde.fr
838,eksisozluk.com
839,ruten.com.tw
840,lapatilla.com
841,chess.com
842,intel.com
843,elbalad.news
844,cdiscount.com
845,gamersky.com
846,4shared.com
847,addthis.com
848,tempo.co
849,bitbucket.org
850,dailycaller.com
851,mynet.com
852,news.com.au
853,blog.me
854,freeadult.games
855,qualtrics.com
856,ukr.net
857,redfin.com
858,ryanair.com
859,superuser.com
860,ebates.com
861,labanquepostale.fr
862,tarafdari.com
863,bol.uol.com.br
864,rutor.info
865,cimaclub.com
866,mydrivers.com
867,mobile01.com
868,provincial.com
869,creditonebank.com
870,youjizz.com
871,norton.com
872,cbsnews.com
873,bankmellat.ir
874,linkshrink.net
875,infobae.com
876,dcard.tw
877,wildberries.ru
878,kissasian.sh
879,google.com.gt
880,google.lt
881,yenisafak.com
882,state.gov
883,noaa.gov
884,pornpics.com
885,realtor.com
886,wondershare.com
887,auction.co.kr
888,tandfonline.com
889,myworkday.com
890,cloudflare.com
891,teacherspayteachers.com
892,n11.com
893,cookpad.com
894,marketwatch.com
895,pulzo.com
896,nypost.com
897,ytimg.com
898,ccm.net
899,gmanetwork.com
900,google.iq
901,cam4.com
902,lenovo.com
903,livescore.com
904,sarkariresult.com
905,duolingo.com
906,nsportal.ru
907,aaucwbe.com
908,hellomagazine.com
909,zougla.gr
910,ancestry.com
911,delta.com
912,movierulz.vc
913,mathworks.com
914,issuu.com
915,xtube.com
916,cnbeta.com
917,uploaded.net
918,constintptr.com
919,hatena.ne.jp
920,dmm.com
921,special-promotions.online
922,chip.de
923,pole-emploi.fr
924,wp.com
925,taringa.net
926,zcool.com.cn
927,ruliweb.com
928,msi.com
929,prom.ua
930,1and1.com
931,shopee.tw
932,scol.com.cn
933,dw.com
934,google.hr
935,hupu.com
936,aa.com
937,leagueoflegends.com
938,dafont.com
939,study.com
940,yandex.by
941,makemytrip.com
942,usnews.com
943,nvidia.com
944,abril.com.br
945,epfindia.gov.in
946,badoo.com
947,vtv.vn
948,reclameaqui.com.br
949,hootsuite.com
950,pearsoncmg.com
951,corriere.it
952,constantcontact.com
953,suara.com
954,codepen.io
955,lowes.com
956,dawn.com
957,admaimai.com
958,axisbank.co.in
959,flaticon.com
960,jimdo.com
961,lefigaro.fr
962,fazenda.gov.br
963,gradeup.co
964,psu.edu
965,myfreecams.com
966,costco.com
967,178.com
968,yjc.ir
969,gaana.com
970,jstor.org
971,17track.net
972,zol.com.cn
973,crhoy.com
974,yespornplease.com
975,wargaming.net
976,goal.com
977,snapdeal.com
978,ninjagod.com
979,nextdoor.com
980,dribbble.com
981,vkuseraudio.net
982,dmv.org
983,livedoor.biz
984,rumble.com
985,schoology.com
986,doodle.com
987,python.org
988,dailysnark.com
989,t.me
990,y8.com
991,google.com.ec
992,tamasha.com
993,biblegateway.com
994,pearsoned.com
995,sakura.ne.jp
996,nmisr.com
997,rajasthan.gov.in
998,zara.com
999,nbcnews.com
1000,51cto.com
